workload,deployment,tier,region,size_2025,size_2026,size_2027,size_2028,size_2029,size_2030,cagr
Data engineering / ETL,Public cloud,Large enterprise (1 000+ emp),North America,3510000000.0,4106700000.0,4804839000.0,5621661630.0,6577344107.1,7695492605.31,0.17
Data engineering / ETL,Public cloud,Large enterprise (1 000+ emp),Europe,2632500000.0,3080025000.0,3603629250.0,4216246222.5,4933008080.32,5771619453.98,0.17
Data engineering / ETL,Public cloud,Large enterprise (1 000+ emp),APAC,1930500000.0,2258685000.0,2642661450.0,3091913896.5,3617539258.9,4232520932.92,0.17
Data engineering / ETL,Public cloud,Large enterprise (1 000+ emp),Rest of World,702000000.0,821340000.0,960967800.0,1124332326.0,1315468821.42,1539098521.06,0.17
Data engineering / ETL,Public cloud,Mid-market (100–999 emp),North America,731250000.0,855562500.0,1001008125.0,1171179506.25,1370280022.31,1603227626.11,0.17
Data engineering / ETL,Public cloud,Mid-market (100–999 emp),Europe,548437500.0,641671875.0,750756093.75,878384629.69,1027710016.73,1202420719.58,0.17
Data engineering / ETL,Public cloud,Mid-market (100–999 emp),APAC,402187500.0,470559375.0,550554468.75,644148728.44,753654012.27,881775194.36,0.17
Data engineering / ETL,Public cloud,Mid-market (100–999 emp),Rest of World,146250000.0,171112500.0,200201625.0,234235901.25,274056004.46,320645525.22,0.17
Data engineering / ETL,Private cloud / on-prem,Large enterprise (1 000+ emp),North America,810000000.0,838350000.0,867692250.0,898061478.75,929493630.51,962025907.57,0.035
Data engineering / ETL,Private cloud / on-prem,Large enterprise (1 000+ emp),Europe,607500000.0,628762500.0,650769187.5,673546109.06,697120222.88,721519430.68,0.035
Data engineering / ETL,Private cloud / on-prem,Large enterprise (1 000+ emp),APAC,445500000.0,461092500.0,477230737.5,493933813.31,511221496.78,529114249.17,0.035
Data engineering / ETL,Private cloud / on-prem,Large enterprise (1 000+ emp),Rest of World,162000000.0,167670000.0,173538450.0,179612295.75,185898726.1,192405181.51,0.035
Data engineering / ETL,Private cloud / on-prem,Mid-market (100–999 emp),North America,168750000.0,174656250.0,180769218.75,187096141.41,193644506.36,200422064.08,0.035
Data engineering / ETL,Private cloud / on-prem,Mid-market (100–999 emp),Europe,126562500.0,130992187.5,135576914.06,140322106.05,145233379.77,150316548.06,0.035
Data engineering / ETL,Private cloud / on-prem,Mid-market (100–999 emp),APAC,92812500.0,96060937.5,99423070.31,102902877.77,106504478.5,110232135.24,0.035
Data engineering / ETL,Private cloud / on-prem,Mid-market (100–999 emp),Rest of World,33750000.0,34931250.0,36153843.75,37419228.28,38728901.27,40084412.82,0.035
Data engineering / ETL,Hybrid,Large enterprise (1 000+ emp),North America,1080000000.0,1225800000.0,1391283000.0,1579106205.0,1792285542.67,2034244090.94,0.135
Data engineering / ETL,Hybrid,Large enterprise (1 000+ emp),Europe,810000000.0,919350000.0,1043462250.0,1184329653.75,1344214157.01,1525683068.2,0.135
Data engineering / ETL,Hybrid,Large enterprise (1 000+ emp),APAC,594000000.0,674190000.0,765205650.0,868508412.75,985757048.47,1118834250.01,0.135
Data engineering / ETL,Hybrid,Large enterprise (1 000+ emp),Rest of World,216000000.0,245160000.0,278256600.0,315821241.0,358457108.53,406848818.19,0.135
Data engineering / ETL,Hybrid,Mid-market (100–999 emp),North America,225000000.0,255375000.0,289850625.0,328980459.38,373392821.39,423800852.28,0.135
Data engineering / ETL,Hybrid,Mid-market (100–999 emp),Europe,168750000.0,191531250.0,217387968.75,246735344.53,280044616.04,317850639.21,0.135
Data engineering / ETL,Hybrid,Mid-market (100–999 emp),APAC,123750000.0,140456250.0,159417843.75,180939252.66,205366051.76,233090468.75,0.135
Data engineering / ETL,Hybrid,Mid-market (100–999 emp),Rest of World,45000000.0,51075000.0,57970125.0,65796091.88,74678564.28,84760170.46,0.135
SQL analytics & BI,Public cloud,Large enterprise (1 000+ emp),North America,4095000000.0,4750200000.0,5510232000.0,6391869120.0,7414568179.2,8600899087.87,0.16
SQL analytics & BI,Public cloud,Large enterprise (1 000+ emp),Europe,3071250000.0,3562650000.0,4132674000.0,4793901840.0,5560926134.4,6450674315.9,0.16
SQL analytics & BI,Public cloud,Large enterprise (1 000+ emp),APAC,2252250000.0,2612610000.0,3030627600.0,3515528016.0,4078012498.56,4730494498.33,0.16
SQL analytics & BI,Public cloud,Large enterprise (1 000+ emp),Rest of World,819000000.0,950040000.0,1102046400.0,1278373824.0,1482913635.84,1720179817.57,0.16
SQL analytics & BI,Public cloud,Mid-market (100–999 emp),North America,853125000.0,989625000.0,1147965000.0,1331639400.0,1544701704.0,1791853976.64,0.16
SQL analytics & BI,Public cloud,Mid-market (100–999 emp),Europe,639843750.0,742218750.0,860973750.0,998729550.0,1158526278.0,1343890482.48,0.16
SQL analytics & BI,Public cloud,Mid-market (100–999 emp),APAC,469218750.0,544293750.0,631380750.0,732401670.0,849585937.2,985519687.15,0.16
SQL analytics & BI,Public cloud,Mid-market (100–999 emp),Rest of World,170625000.0,197925000.0,229593000.0,266327880.0,308940340.8,358370795.33,0.16
SQL analytics & BI,Private cloud / on-prem,Large enterprise (1 000+ emp),North America,945000000.0,968625000.0,992840625.0,1017661640.62,1043103181.64,1069180761.18,0.025
SQL analytics & BI,Private cloud / on-prem,Large enterprise (1 000+ emp),Europe,708750000.0,726468750.0,744630468.75,763246230.47,782327386.23,801885570.89,0.025
SQL analytics & BI,Private cloud / on-prem,Large enterprise (1 000+ emp),APAC,519750000.0,532743750.0,546062343.75,559713902.34,573706749.9,588049418.65,0.025
SQL analytics & BI,Private cloud / on-prem,Large enterprise (1 000+ emp),Rest of World,189000000.0,193725000.0,198568125.0,203532328.12,208620636.33,213836152.24,0.025
SQL analytics & BI,Private cloud / on-prem,Mid-market (100–999 emp),North America,196875000.0,201796875.0,206841796.87,212012841.8,217313162.84,222745991.91,0.025
SQL analytics & BI,Private cloud / on-prem,Mid-market (100–999 emp),Europe,147656250.0,151347656.25,155131347.66,159009631.35,162984872.13,167059493.93,0.025
SQL analytics & BI,Private cloud / on-prem,Mid-market (100–999 emp),APAC,108281250.0,110988281.25,113762988.28,116607062.99,119522239.56,122510295.55,0.025
SQL analytics & BI,Private cloud / on-prem,Mid-market (100–999 emp),Rest of World,39375000.0,40359375.0,41368359.38,42402568.36,43462632.57,44549198.38,0.025
SQL analytics & BI,Hybrid,Large enterprise (1 000+ emp),North America,1260000000.0,1417500000.0,1594687500.0,1794023437.5,2018276367.19,2270560913.09,0.125
SQL analytics & BI,Hybrid,Large enterprise (1 000+ emp),Europe,945000000.0,1063125000.0,1196015625.0,1345517578.12,1513707275.39,1702920684.81,0.125
SQL analytics & BI,Hybrid,Large enterprise (1 000+ emp),APAC,693000000.0,779625000.0,877078125.0,986712890.62,1110052001.95,1248808502.2,0.125
SQL analytics & BI,Hybrid,Large enterprise (1 000+ emp),Rest of World,252000000.0,283500000.0,318937500.0,358804687.5,403655273.44,454112182.62,0.125
SQL analytics & BI,Hybrid,Mid-market (100–999 emp),North America,262500000.0,295312500.0,332226562.5,373754882.81,420474243.16,473033523.56,0.125
SQL analytics & BI,Hybrid,Mid-market (100–999 emp),Europe,196875000.0,221484375.0,249169921.88,280316162.11,315355682.37,354775142.67,0.125
SQL analytics & BI,Hybrid,Mid-market (100–999 emp),APAC,144375000.0,162421875.0,182724609.38,205565185.55,231260833.74,260168437.96,0.125
SQL analytics & BI,Hybrid,Mid-market (100–999 emp),Rest of World,52500000.0,59062500.0,66445312.5,74750976.56,84094848.63,94606704.71,0.125
Streaming / real-time,Public cloud,Large enterprise (1 000+ emp),North America,1170000000.0,1444950000.0,1784513250.0,2203873863.75,2721784221.73,3361403513.84,0.235
Streaming / real-time,Public cloud,Large enterprise (1 000+ emp),Europe,877500000.0,1083712500.0,1338384937.5,1652905397.81,2041338166.3,2521052635.38,0.235
Streaming / real-time,Public cloud,Large enterprise (1 000+ emp),APAC,643500000.0,794722500.0,981482287.5,1212130625.06,1496981321.95,1848771932.61,0.235
Streaming / real-time,Public cloud,Large enterprise (1 000+ emp),Rest of World,234000000.0,288990000.0,356902650.0,440774772.75,544356844.35,672280702.77,0.235
Streaming / real-time,Public cloud,Mid-market (100–999 emp),North America,243750000.0,301031250.0,371773593.75,459140388.28,567038379.53,700292398.72,0.235
Streaming / real-time,Public cloud,Mid-market (100–999 emp),Europe,182812500.0,225773437.5,278830195.31,344355291.21,425278784.65,525219299.04,0.235
Streaming / real-time,Public cloud,Mid-market (100–999 emp),APAC,134062500.0,165567187.5,204475476.56,252527213.55,311871108.74,385160819.29,0.235
Streaming / real-time,Public cloud,Mid-market (100–999 emp),Rest of World,48750000.0,60206250.0,74354718.75,91828077.66,113407675.91,140058479.74,0.235
Streaming / real-time,Private cloud / on-prem,Large enterprise (1 000+ emp),North America,270000000.0,297000000.0,326700000.0,359370000.0,395307000.0,434837700.0,0.1
Streaming / real-time,Private cloud / on-prem,Large enterprise (1 000+ emp),Europe,202500000.0,222750000.0,245025000.0,269527500.0,296480250.0,326128275.0,0.1
Streaming / real-time,Private cloud / on-prem,Large enterprise (1 000+ emp),APAC,148500000.0,163350000.0,179685000.0,197653500.0,217418850.0,239160735.0,0.1
Streaming / real-time,Private cloud / on-prem,Large enterprise (1 000+ emp),Rest of World,54000000.0,59400000.0,65340000.0,71874000.0,79061400.0,86967540.0,0.1
Streaming / real-time,Private cloud / on-prem,Mid-market (100–999 emp),North America,56250000.0,61875000.0,68062500.0,74868750.0,82355625.0,90591187.5,0.1
Streaming / real-time,Private cloud / on-prem,Mid-market (100–999 emp),Europe,42187500.0,46406250.0,51046875.0,56151562.5,61766718.75,67943390.63,0.1
Streaming / real-time,Private cloud / on-prem,Mid-market (100–999 emp),APAC,30937500.0,34031250.0,37434375.0,41177812.5,45295593.75,49825153.13,0.1
Streaming / real-time,Private cloud / on-prem,Mid-market (100–999 emp),Rest of World,11250000.0,12375000.0,13612500.0,14973750.0,16471125.0,18118237.5,0.1
Streaming / real-time,Hybrid,Large enterprise (1 000+ emp),North America,360000000.0,432000000.0,518400000.0,622080000.0,746496000.0,895795200.0,0.2
Streaming / real-time,Hybrid,Large enterprise (1 000+ emp),Europe,270000000.0,324000000.0,388800000.0,466560000.0,559872000.0,671846400.0,0.2
Streaming / real-time,Hybrid,Large enterprise (1 000+ emp),APAC,198000000.0,237600000.0,285120000.0,342144000.0,410572800.0,492687360.0,0.2
Streaming / real-time,Hybrid,Large enterprise (1 000+ emp),Rest of World,72000000.0,86400000.0,103680000.0,124416000.0,149299200.0,179159040.0,0.2
Streaming / real-time,Hybrid,Mid-market (100–999 emp),North America,75000000.0,90000000.0,108000000.0,129600000.0,155520000.0,186624000.0,0.2
Streaming / real-time,Hybrid,Mid-market (100–999 emp),Europe,56250000.0,67500000.0,81000000.0,97200000.0,116640000.0,139968000.0,0.2
Streaming / real-time,Hybrid,Mid-market (100–999 emp),APAC,41250000.0,49500000.0,59400000.0,71280000.0,85536000.0,102643200.0,0.2
Streaming / real-time,Hybrid,Mid-market (100–999 emp),Rest of World,15000000.0,18000000.0,21600000.0,25920000.0,31104000.0,37324800.0,0.2
AI/ML & GenAI prep,Public cloud,Large enterprise (1 000+ emp),North America,1755000000.0,2255175000.0,2897899875.0,3723801339.37,4785084721.1,6148833866.61,0.285
AI/ML & GenAI prep,Public cloud,Large enterprise (1 000+ emp),Europe,1316250000.0,1691381250.0,2173424906.25,2792851004.53,3588813540.82,4611625399.96,0.285
AI/ML & GenAI prep,Public cloud,Large enterprise (1 000+ emp),APAC,965250000.0,1240346250.0,1593844931.25,2048090736.66,2631796596.6,3381858626.64,0.285
AI/ML & GenAI prep,Public cloud,Large enterprise (1 000+ emp),Rest of World,351000000.0,451035000.0,579579975.0,744760267.87,957016944.22,1229766773.32,0.285
AI/ML & GenAI prep,Public cloud,Mid-market (100–999 emp),North America,365625000.0,469828125.0,603729140.62,775791945.7,996892650.23,1281007055.54,0.285
AI/ML & GenAI prep,Public cloud,Mid-market (100–999 emp),Europe,274218750.0,352371093.75,452796855.47,581843959.28,747669487.67,960755291.66,0.285
AI/ML & GenAI prep,Public cloud,Mid-market (100–999 emp),APAC,201093750.0,258405468.75,332051027.34,426685570.14,548290957.63,704553880.55,0.285
AI/ML & GenAI prep,Public cloud,Mid-market (100–999 emp),Rest of World,73125000.0,93965625.0,120745828.12,155158389.14,199378530.05,256201411.11,0.285
AI/ML & GenAI prep,Private cloud / on-prem,Large enterprise (1 000+ emp),North America,405000000.0,465750000.0,535612500.0,615954375.0,708347531.25,814599660.94,0.15
AI/ML & GenAI prep,Private cloud / on-prem,Large enterprise (1 000+ emp),Europe,303750000.0,349312500.0,401709375.0,461965781.25,531260648.44,610949745.7,0.15
AI/ML & GenAI prep,Private cloud / on-prem,Large enterprise (1 000+ emp),APAC,222750000.0,256162500.0,294586875.0,338774906.25,389591142.19,448029813.52,0.15
AI/ML & GenAI prep,Private cloud / on-prem,Large enterprise (1 000+ emp),Rest of World,81000000.0,93150000.0,107122500.0,123190875.0,141669506.25,162919932.19,0.15
AI/ML & GenAI prep,Private cloud / on-prem,Mid-market (100–999 emp),North America,84375000.0,97031250.0,111585937.5,128323828.12,147572402.34,169708262.7,0.15
AI/ML & GenAI prep,Private cloud / on-prem,Mid-market (100–999 emp),Europe,63281250.0,72773437.5,83689453.12,96242871.09,110679301.76,127281197.02,0.15
AI/ML & GenAI prep,Private cloud / on-prem,Mid-market (100–999 emp),APAC,46406250.0,53367187.5,61372265.62,70578105.47,81164821.29,93339544.48,0.15
AI/ML & GenAI prep,Private cloud / on-prem,Mid-market (100–999 emp),Rest of World,16875000.0,19406250.0,22317187.5,25664765.62,29514480.47,33941652.54,0.15
AI/ML & GenAI prep,Hybrid,Large enterprise (1 000+ emp),North America,540000000.0,675000000.0,843750000.0,1054687500.0,1318359375.0,1647949218.75,0.25
AI/ML & GenAI prep,Hybrid,Large enterprise (1 000+ emp),Europe,405000000.0,506250000.0,632812500.0,791015625.0,988769531.25,1235961914.06,0.25
AI/ML & GenAI prep,Hybrid,Large enterprise (1 000+ emp),APAC,297000000.0,371250000.0,464062500.0,580078125.0,725097656.25,906372070.31,0.25
AI/ML & GenAI prep,Hybrid,Large enterprise (1 000+ emp),Rest of World,108000000.0,135000000.0,168750000.0,210937500.0,263671875.0,329589843.75,0.25
AI/ML & GenAI prep,Hybrid,Mid-market (100–999 emp),North America,112500000.0,140625000.0,175781250.0,219726562.5,274658203.12,343322753.91,0.25
AI/ML & GenAI prep,Hybrid,Mid-market (100–999 emp),Europe,84375000.0,105468750.0,131835937.5,164794921.88,205993652.34,257492065.43,0.25
AI/ML & GenAI prep,Hybrid,Mid-market (100–999 emp),APAC,61875000.0,77343750.0,96679687.5,120849609.38,151062011.72,188827514.65,0.25
AI/ML & GenAI prep,Hybrid,Mid-market (100–999 emp),Rest of World,22500000.0,28125000.0,35156250.0,43945312.5,54931640.62,68664550.78,0.25
Governance / catalog,Public cloud,Large enterprise (1 000+ emp),North America,1170000000.0,1415700000.0,1712997000.0,2072726370.0,2507998907.7,3034678678.32,0.21
Governance / catalog,Public cloud,Large enterprise (1 000+ emp),Europe,877500000.0,1061775000.0,1284747750.0,1554544777.5,1880999180.77,2276009008.74,0.21
Governance / catalog,Public cloud,Large enterprise (1 000+ emp),APAC,643500000.0,778635000.0,942148350.0,1139999503.5,1379399399.23,1669073273.07,0.21
Governance / catalog,Public cloud,Large enterprise (1 000+ emp),Rest of World,234000000.0,283140000.0,342599400.0,414545274.0,501599781.54,606935735.66,0.21
Governance / catalog,Public cloud,Mid-market (100–999 emp),North America,243750000.0,294937500.0,356874375.0,431817993.75,522499772.44,632224724.65,0.21
Governance / catalog,Public cloud,Mid-market (100–999 emp),Europe,182812500.0,221203125.0,267655781.25,323863495.31,391874829.33,474168543.49,0.21
Governance / catalog,Public cloud,Mid-market (100–999 emp),APAC,134062500.0,162215625.0,196280906.25,237499896.56,287374874.84,347723598.56,0.21
Governance / catalog,Public cloud,Mid-market (100–999 emp),Rest of World,48750000.0,58987500.0,71374875.0,86363598.75,104499954.49,126444944.93,0.21
Governance / catalog,Private cloud / on-prem,Large enterprise (1 000+ emp),North America,270000000.0,290250000.0,312018750.0,335420156.25,360576667.97,387619918.07,0.075
Governance / catalog,Private cloud / on-prem,Large enterprise (1 000+ emp),Europe,202500000.0,217687500.0,234014062.5,251565117.19,270432500.98,290714938.55,0.075
Governance / catalog,Private cloud / on-prem,Large enterprise (1 000+ emp),APAC,148500000.0,159637500.0,171610312.5,184481085.94,198317167.38,213190954.94,0.075
Governance / catalog,Private cloud / on-prem,Large enterprise (1 000+ emp),Rest of World,54000000.0,58050000.0,62403750.0,67084031.25,72115333.59,77523983.61,0.075
Governance / catalog,Private cloud / on-prem,Mid-market (100–999 emp),North America,56250000.0,60468750.0,65003906.25,69879199.22,75120139.16,80754149.6,0.075
Governance / catalog,Private cloud / on-prem,Mid-market (100–999 emp),Europe,42187500.0,45351562.5,48752929.69,52409399.41,56340104.37,60565612.2,0.075
Governance / catalog,Private cloud / on-prem,Mid-market (100–999 emp),APAC,30937500.0,33257812.5,35752148.44,38433559.57,41316076.54,44414782.28,0.075
Governance / catalog,Private cloud / on-prem,Mid-market (100–999 emp),Rest of World,11250000.0,12093750.0,13000781.25,13975839.84,15024027.83,16150829.92,0.075
Governance / catalog,Hybrid,Large enterprise (1 000+ emp),North America,360000000.0,423000000.0,497025000.0,584004375.0,686205140.63,806291040.23,0.175
Governance / catalog,Hybrid,Large enterprise (1 000+ emp),Europe,270000000.0,317250000.0,372768750.0,438003281.25,514653855.47,604718280.18,0.175
Governance / catalog,Hybrid,Large enterprise (1 000+ emp),APAC,198000000.0,232650000.0,273363750.0,321202406.25,377412827.34,443460072.13,0.175
Governance / catalog,Hybrid,Large enterprise (1 000+ emp),Rest of World,72000000.0,84600000.0,99405000.0,116800875.0,137241028.12,161258208.05,0.175
Governance / catalog,Hybrid,Mid-market (100–999 emp),North America,75000000.0,88125000.0,103546875.0,121667578.13,142959404.3,167977300.05,0.175
Governance / catalog,Hybrid,Mid-market (100–999 emp),Europe,56250000.0,66093750.0,77660156.25,91250683.59,107219553.22,125982975.04,0.175
Governance / catalog,Hybrid,Mid-market (100–999 emp),APAC,41250000.0,48468750.0,56950781.25,66917167.97,78627672.36,92387515.03,0.175
Governance / catalog,Hybrid,Mid-market (100–999 emp),Rest of World,15000000.0,17625000.0,20709375.0,24333515.62,28591880.86,33595460.01,0.175
